Consumer_ID,Area,Meter_Type,Daily_Consumption,Peak_Hour_Usage,Voltage,Current,Power_Factor,Billing_Amount,Payment_Delay,Sudden_Load_Change,Theft_Label
CON_1185,West,Residential,29.22,12.73,233.0,34.29,0.61,919.69,3,No,0
CON_1496,East,Residential,94.49,11.31,232.6,21.55,0.7,657.55,22,No,0
CON_1174,West,Residential,60.73,1.69,218.4,48.96,0.97,250.3,21,Yes,0
CON_1092,East,Residential,57.34,18.5,236.3,25.81,0.65,797.67,38,No,0
CON_1132,West,Commercial,16.16,12.99,231.3,37.02,0.71,294.36,20,No,0
CON_1499,North,Residential,29.3,1.15,212.5,38.39,0.64,467.27,25,No,0
CON_1356,West,Commercial,14.31,4.18,221.1,35.53,0.75,527.35,44,Yes,1
CON_1298,West,Residential,114.95,29.01,244.2,26.3,0.82,741.53,19,No,0
CON_1429,West,Residential,109.28,18.45,212.1,33.29,0.89,973.92,42,No,0
CON_1450,East,Residential,68.6,25.98,231.4,9.98,0.95,743.1,38,No,0
CON_1253,East,Residential,114.14,28.17,218.4,21.12,0.85,261.25,41,No,0
CON_1259,South,Industrial,23.69,15.95,231.7,44.07,0.61,611.51,36,Yes,1
CON_1447,North,Residential,10.82,19.73,210.4,18.25,0.69,100.77,8,No,0
CON_1314,South,Commercial,16.95,2.68,239.0,32.5,0.66,421.17,35,Yes,1
CON_1155,North,Residential,63.28,12.92,224.4,15.33,0.63,595.64,35,No,0
CON_1049,West,Residential,101.43,18.92,217.7,48.34,0.87,816.25,22,No,0
CON_1232,West,Residential,104.07,27.89,235.2,35.8,0.68,130.66,25,No,0
CON_1237,West,Residential,90.9,27.88,240.0,35.28,0.63,264.9,44,No,0
CON_1296,Central,Residential,113.7,28.93,229.1,38.81,0.64,1121.18,36,No,0
CON_1085,North,Residential,68.05,21.17,227.4,43.25,0.8,81.35,5,Yes,0
CON_1267,North,Residential,46.62,24.71,221.4,16.12,0.76,549.87,15,No,0
CON_1101,North,Commercial,111.17,10.9,218.7,47.82,0.84,55.43,11,Yes,0
CON_1027,South,Residential,42.39,26.17,212.3,44.48,0.75,712.59,5,No,0
CON_1032,West,Residential,29.89,5.05,233.7,48.08,0.88,854.73,21,No,0
CON_1479,Central,Commercial,61.71,26.33,240.0,42.82,0.77,883.15,37,No,0
CON_1291,North,Residential,95.03,5.24,229.6,23.47,0.73,296.62,13,No,0
CON_1264,West,Residential,125.66,7.05,232.2,7.26,0.96,1010.23,42,No,0
CON_1351,South,Residential,23.15,7.99,239.0,17.59,0.65,835.45,16,No,0
CON_1414,North,Residential,81.33,9.57,219.6,25.2,0.79,443.87,34,No,0
CON_1477,North,Residential,90.98,17.39,237.9,9.71,0.87,293.03,11,No,0
CON_1432,West,Residential,146.35,24.54,214.0,20.19,0.95,561.77,21,No,0
CON_1309,Central,Residential,70.45,2.78,238.2,26.14,0.86,864.94,11,No,0
CON_1367,East,Commercial,47.29,12.44,227.9,34.14,0.87,157.57,27,No,0
CON_1028,West,Residential,25.21,14.19,230.3,30.35,0.83,705.52,34,No,0
CON_1172,South,Commercial,148.22,7.29,240.8,11.69,0.83,1069.63,10,No,0
CON_1478,Central,Residential,28.71,20.98,238.8,16.91,0.74,612.86,25,No,0
CON_1361,West,Commercial,71.01,15.16,225.5,22.66,0.61,359.78,14,No,0
CON_1226,South,Residential,59.04,3.8,240.9,24.94,0.97,955.26,1,No,0
CON_1349,Central,Industrial,74.82,7.24,241.8,33.87,0.65,1092.83,14,No,0
CON_1162,Central,Residential,66.1,24.86,211.8,20.44,0.85,560.95,5,Yes,0
CON_1135,East,Residential,110.09,20.75,215.3,7.57,0.98,439.28,28,No,0
CON_1115,Central,Commercial,87.35,27.04,241.5,24.1,0.76,475.01,11,No,0
CON_1090,East,Residential,44.46,7.59,231.4,38.21,0.82,1059.55,12,No,0
CON_1282,North,Industrial,19.86,4.84,232.9,17.2,0.8,819.32,19,No,0
CON_1213,South,Industrial,89.11,20.42,215.3,5.54,0.94,122.68,6,No,0
CON_1007,East,Residential,60.06,26.18,215.2,22.97,0.72,67.61,31,Yes,1
CON_1177,North,Residential,142.74,16.85,237.0,32.57,0.97,601.23,43,Yes,1
CON_1059,South,Commercial,92.46,19.89,224.3,44.08,0.73,204.32,29,No,0
CON_1427,Central,Residential,77.24,9.49,211.8,1.94,0.86,281.06,26,No,0
CON_1094,North,Residential,138.01,18.97,243.5,29.08,0.66,1038.34,25,No,0
CON_1394,Central,Industrial,29.28,21.77,217.7,4.12,0.85,648.1,38,No,0
CON_1158,North,Commercial,131.68,11.25,212.2,39.83,0.72,381.63,8,Yes,1
CON_1252,West,Residential,94.7,3.54,213.5,38.49,0.77,55.95,9,No,0
CON_1004,Central,Residential,123.53,25.48,243.5,18.55,0.98,1032.47,17,Yes,0
CON_1221,North,Residential,122.38,28.77,224.6,45.54,0.78,1051.4,31,No,0
CON_1381,Central,Residential,6.42,19.48,211.6,39.76,0.94,995.33,21,Yes,0
CON_1338,Central,Residential,130.95,25.0,237.8,18.6,0.76,1087.14,30,No,0
CON_1456,Central,Residential,45.14,25.42,228.7,2.28,0.92,495.79,25,No,0
CON_1279,East,Residential,54.57,29.29,217.4,41.86,0.71,168.07,9,No,0
CON_1242,North,Residential,43.72,3.58,226.5,2.89,0.7,917.48,26,No,0
CON_1437,East,Commercial,9.44,7.51,224.7,18.9,0.86,826.96,18,No,0
CON_1209,West,Commercial,37.54,19.88,217.1,0.69,0.69,188.74,0,No,0
CON_1003,Central,Commercial,134.44,14.76,217.1,30.49,0.62,971.86,41,No,0
CON_1038,North,Residential,44.74,29.13,212.0,27.91,0.7,423.45,11,No,0
CON_1074,Central,Residential,91.29,24.43,219.1,6.97,0.93,1153.89,16,No,0
CON_1440,North,Residential,130.9,13.74,212.8,45.96,0.85,581.2,41,No,0
CON_1344,South,Residential,24.03,1.56,212.2,29.13,0.8,802.96,44,No,0
CON_1329,South,Commercial,38.34,19.09,211.7,23.95,0.84,1162.33,31,Yes,1
CON_1087,North,Commercial,123.77,14.01,235.5,19.08,0.94,519.54,42,No,0
CON_1251,West,Commercial,103.62,11.44,238.9,3.09,0.77,221.44,31,No,0
CON_1379,Central,Residential,106.86,27.15,222.7,42.26,0.67,405.62,24,No,0
CON_1321,South,Commercial,141.82,3.93,218.5,23.17,0.61,239.17,32,No,1
CON_1366,West,Residential,92.0,11.9,218.3,25.28,0.85,214.0,16,No,0
CON_1472,South,Residential,40.85,22.25,233.6,39.13,0.92,69.46,6,No,0
CON_1359,Central,Residential,120.65,25.49,231.1,0.89,0.8,887.21,39,Yes,1
CON_1212,East,Commercial,90.98,10.66,232.9,16.16,0.68,453.52,3,Yes,1
CON_1138,South,Industrial,83.23,21.56,239.8,33.1,0.67,268.4,5,No,0
CON_1241,North,Residential,87.03,19.08,221.0,32.39,0.81,570.23,41,No,0
CON_1462,Central,Residential,111.3,29.56,230.2,22.11,0.97,144.93,42,Yes,1
CON_1200,South,Residential,133.15,7.57,215.5,37.56,0.96,238.62,23,No,0
CON_1037,Central,Residential,88.59,20.53,212.7,8.13,0.62,1116.38,8,Yes,1
CON_1196,East,Residential,118.04,3.48,237.9,14.57,0.6,459.16,1,Yes,1
CON_1084,North,Residential,104.82,12.49,235.5,24.43,0.62,438.81,15,Yes,1
CON_1071,Central,Commercial,36.17,12.72,228.1,36.25,0.89,845.57,21,Yes,0
CON_1020,South,Residential,134.71,2.21,231.7,37.93,0.92,919.52,3,Yes,1
CON_1224,North,Residential,17.61,6.83,232.2,4.92,0.86,20.77,41,No,0
CON_1336,North,Residential,145.39,11.67,212.8,48.16,0.84,909.56,13,Yes,0
CON_1476,West,Residential,57.09,9.63,225.6,29.76,0.63,677.31,24,No,0
CON_1110,North,Industrial,141.89,28.71,241.7,22.69,0.72,1170.9,25,No,0
CON_1257,Central,Residential,9.24,13.97,236.2,33.04,0.71,1094.51,40,No,0
CON_1229,West,Commercial,76.9,11.08,210.4,35.34,0.92,199.42,3,No,0
CON_1036,East,Commercial,22.07,6.85,227.4,27.3,0.97,1115.25,2,Yes,0
CON_1342,East,Residential,115.35,13.07,239.9,31.31,0.87,28.12,15,No,0
CON_1142,West,Commercial,133.47,28.92,240.1,4.89,0.89,1040.3,31,No,0
CON_1233,West,Residential,16.04,7.8,241.2,33.49,0.84,593.63,10,No,0
CON_1483,Central,Residential,52.15,14.39,230.4,47.07,0.94,1122.48,23,No,0
CON_1163,North,Residential,111.95,13.29,237.5,15.12,0.7,875.51,14,No,0
CON_1305,West,Commercial,69.66,7.27,240.0,13.65,0.89,347.41,17,No,0
CON_1010,West,Industrial,95.5,8.82,244.9,24.54,0.88,46.46,9,No,0
CON_1343,West,Commercial,95.8,14.96,228.3,39.18,0.67,270.69,16,Yes,1
CON_1058,West,Residential,17.01,12.42,214.1,49.7,0.68,344.84,41,No,0
CON_1346,East,Industrial,138.52,23.05,231.0,40.65,0.94,494.84,13,No,0
CON_1159,East,Residential,147.69,7.87,227.9,35.5,0.64,990.41,38,No,0
CON_1494,Central,Residential,67.48,18.86,215.4,27.19,0.92,192.79,22,No,0
CON_1052,West,Residential,65.72,1.88,244.9,29.23,0.96,1131.2,27,No,0
CON_1352,North,Residential,104.41,29.3,240.8,45.92,0.73,340.53,40,No,0
CON_1137,South,Residential,50.72,16.23,218.8,38.56,0.8,93.83,24,No,0
CON_1122,Central,Commercial,141.92,15.09,224.7,40.32,0.62,217.64,6,No,0
CON_1319,East,Residential,26.9,4.52,228.9,39.27,0.66,1004.79,24,No,0
CON_1140,North,Residential,51.22,17.45,228.3,42.37,0.64,193.37,1,No,0
CON_1375,East,Commercial,148.07,13.69,227.7,8.7,0.79,688.59,4,No,0
CON_1171,North,Commercial,7.59,26.02,240.7,24.08,0.71,1187.55,22,No,0
CON_1103,South,Residential,100.52,12.57,236.6,5.91,0.92,754.7,42,No,0
CON_1050,West,Residential,30.43,26.2,230.9,28.11,0.88,819.49,29,No,0
CON_1260,South,Commercial,53.59,27.66,222.3,11.18,0.72,79.29,15,No,0
CON_1484,North,Commercial,117.15,1.27,223.0,25.59,0.69,1101.38,15,No,1
CON_1389,South,Residential,24.24,22.39,219.8,49.07,0.94,99.34,19,No,0
CON_1493,North,Residential,125.19,22.26,222.1,43.86,0.99,992.88,40,Yes,1
CON_1436,South,Residential,15.47,27.91,214.2,38.17,0.83,1121.82,42,No,0
CON_1134,East,Commercial,54.28,6.25,214.0,37.15,0.77,322.63,26,No,0
CON_1063,South,Residential,56.57,2.4,230.6,10.46,0.87,852.06,34,No,0
CON_1076,North,Industrial,76.97,24.14,240.5,6.68,0.87,596.42,11,No,0
CON_1310,North,Residential,28.73,23.64,210.6,17.73,0.67,853.37,21,No,0
CON_1419,West,Residential,28.13,4.52,235.0,11.82,0.63,447.82,19,No,0
CON_1371,West,Residential,10.74,28.7,232.8,23.25,0.81,884.94,39,No,0
CON_1152,North,Commercial,149.7,7.61,239.7,4.08,0.86,190.01,12,No,0
CON_1328,South,Residential,134.64,9.88,236.0,37.5,0.8,197.56,22,No,0
CON_1444,Central,Residential,55.16,4.52,233.8,39.48,0.71,1165.96,42,No,0
CON_1377,South,Commercial,77.34,25.39,212.5,10.85,0.91,1080.1,28,No,0
CON_1324,North,Residential,62.65,15.77,220.5,3.75,0.69,92.93,19,No,0
CON_1495,North,Commercial,41.06,6.45,210.9,14.48,0.93,1002.86,44,No,0
CON_1480,North,Residential,145.56,19.45,242.1,10.75,0.61,1150.58,11,No,0
CON_1039,South,Industrial,85.36,3.72,221.7,27.31,0.83,642.66,22,No,0
CON_1011,East,Residential,64.36,2.66,222.9,1.86,0.98,445.3,19,No,0
CON_1201,East,Residential,139.52,11.29,234.4,16.22,0.77,348.8,16,No,0
CON_1189,East,Commercial,99.2,29.75,243.8,40.3,0.97,227.08,30,No,0
CON_1455,South,Residential,66.15,14.36,212.3,2.43,0.75,669.78,10,No,0
CON_1083,Central,Industrial,76.85,11.63,212.8,49.06,0.98,719.55,25,Yes,0
CON_1263,North,Residential,123.61,25.69,244.3,15.12,0.79,537.05,19,No,0
CON_1123,East,Residential,73.76,8.45,219.1,14.3,0.75,193.79,44,No,0
CON_1416,South,Residential,16.84,19.12,224.8,0.95,0.91,988.42,26,No,0
CON_1370,South,Residential,118.08,26.87,227.1,40.44,0.88,425.87,31,No,0
CON_1355,East,Residential,76.28,15.15,225.1,44.56,0.68,423.69,4,No,0
CON_1303,Central,Industrial,116.71,4.06,242.1,40.45,0.93,1064.13,13,No,1
CON_1337,West,Residential,31.9,13.01,218.4,4.24,0.82,701.91,38,No,0
CON_1065,West,Commercial,48.08,12.8,222.7,2.45,0.82,807.96,9,No,0
CON_1047,Central,Residential,91.62,20.81,225.2,17.45,0.96,82.95,18,No,0
CON_1164,East,Residential,39.62,20.36,217.0,12.0,0.61,697.66,19,No,0
CON_1445,West,Industrial,58.8,6.73,222.7,12.92,0.68,683.38,12,Yes,1
CON_1302,North,Residential,75.85,13.75,235.9,38.62,0.86,1137.65,9,No,0
CON_1166,West,Industrial,56.42,19.09,215.8,40.27,0.7,936.92,31,No,0
CON_1280,South,Residential,96.73,19.59,211.2,1.23,0.72,931.87,31,No,0
CON_1486,North,Residential,145.62,22.07,234.7,40.64,0.62,763.19,24,No,0
CON_1470,South,Commercial,128.89,15.67,234.2,44.68,0.7,205.04,39,No,0
CON_1256,North,Commercial,131.42,12.51,225.8,10.99,0.92,745.85,12,Yes,0
CON_1029,West,Commercial,126.06,15.95,229.7,41.42,0.86,1189.0,21,No,0
CON_1230,South,Residential,16.75,20.28,229.6,0.72,0.96,560.82,43,No,0
CON_1141,Central,Commercial,95.75,8.44,214.0,30.87,0.76,424.32,21,No,0
CON_1373,East,Residential,20.21,10.15,231.0,21.92,0.92,1119.23,19,Yes,0
CON_1448,North,Residential,130.72,9.29,232.3,33.0,0.68,512.85,19,Yes,1
CON_1473,Central,Residential,131.26,16.72,219.6,24.08,0.9,514.64,10,No,0
CON_1258,South,Residential,124.74,18.42,232.8,23.88,0.77,621.63,41,Yes,1
CON_1245,East,Commercial,100.48,24.96,222.5,25.27,0.86,527.38,1,Yes,0
CON_1120,South,Industrial,139.04,11.2,242.8,15.32,0.87,336.9,13,No,0
CON_1220,South,Residential,130.01,17.31,243.8,21.97,0.62,277.48,27,Yes,1
CON_1420,South,Residential,131.41,18.84,231.3,31.9,0.9,970.74,44,Yes,1
CON_1390,North,Residential,87.29,15.85,217.2,28.69,0.75,721.92,43,No,0
CON_1475,Central,Commercial,79.65,15.74,237.6,10.63,0.67,1057.61,3,No,0
CON_1365,Central,Commercial,74.59,14.8,234.6,12.47,0.82,531.94,34,No,0
CON_1317,South,Commercial,44.62,7.94,213.9,1.67,0.89,328.04,15,No,0
CON_1400,East,Residential,12.54,11.24,227.9,47.21,0.82,986.11,34,No,0
CON_1409,West,Commercial,134.75,23.17,240.6,32.21,0.86,560.36,5,No,0
CON_1079,West,Commercial,116.78,4.49,238.1,43.92,0.69,695.68,10,No,1
CON_1235,South,Residential,76.8,5.42,235.6,38.17,0.89,67.27,42,No,0
CON_1405,Central,Industrial,121.25,6.37,231.6,8.5,0.63,430.07,16,No,0
CON_1133,Central,Industrial,105.96,4.53,222.2,41.79,0.71,173.02,36,No,1
CON_1265,North,Residential,78.58,27.99,214.4,32.76,0.64,209.6,26,Yes,1
CON_1248,West,Residential,107.71,2.05,221.7,10.84,0.85,927.95,37,No,1
CON_1187,North,Residential,38.59,21.81,223.3,35.84,0.7,251.77,41,No,0
CON_1474,East,Commercial,69.57,18.12,220.7,25.13,0.9,218.48,38,Yes,1
CON_1308,Central,Commercial,66.8,5.41,236.4,38.77,0.66,32.14,33,Yes,1
CON_1274,East,Residential,118.08,3.35,219.8,18.71,0.86,224.73,39,No,1
CON_1199,West,Residential,145.52,10.38,228.7,3.19,0.89,693.64,1,No,0
CON_1363,Central,Residential,15.5,10.42,232.1,47.92,0.63,373.93,32,No,0
CON_1289,West,Residential,89.41,15.57,241.8,29.96,0.96,639.19,1,No,0
CON_1398,West,Commercial,9.58,28.74,238.1,39.73,0.77,369.7,25,No,0
CON_1254,North,Residential,28.0,17.06,215.0,41.2,0.97,421.69,39,No,0
CON_1143,West,Residential,94.3,15.02,235.3,24.64,0.87,202.81,15,No,0
CON_1194,West,Commercial,36.97,8.95,230.2,13.93,0.98,291.2,30,No,0
CON_1461,South,Residential,96.58,16.81,227.0,29.29,0.7,321.3,33,No,0
CON_1045,North,Commercial,135.5,25.31,215.2,10.13,0.8,863.82,22,No,0
CON_1006,East,Industrial,42.62,17.98,221.4,49.41,0.72,304.97,39,Yes,1
CON_1117,East,Residential,9.92,27.88,233.2,36.27,0.91,268.74,29,Yes,0
CON_1261,East,Residential,112.81,15.41,239.5,34.05,0.8,61.2,44,Yes,1
CON_1393,North,Commercial,34.02,3.46,210.3,29.88,0.63,797.29,10,No,0
CON_1471,Central,Residential,76.38,25.38,225.0,21.26,0.86,996.22,7,No,0
CON_1439,North,Commercial,72.08,13.53,212.5,37.84,0.83,58.54,7,Yes,0
CON_1217,West,Commercial,23.78,22.19,240.9,16.01,0.68,226.65,16,No,0
CON_1408,Central,Industrial,16.62,20.15,227.8,12.74,0.88,836.57,19,No,0
CON_1048,South,Commercial,92.07,15.42,213.1,13.88,0.92,556.62,4,No,0
CON_1231,North,Residential,36.93,24.07,228.5,8.76,0.81,434.44,18,No,0
CON_1481,West,Residential,42.43,23.07,225.1,4.02,0.7,280.13,42,No,0
CON_1062,Central,Industrial,46.86,29.98,230.0,31.22,0.93,231.64,13,No,0
CON_1459,East,Residential,35.55,20.03,224.8,14.48,0.71,741.96,10,No,0
CON_1418,Central,Commercial,40.83,6.96,241.8,46.35,0.81,433.97,11,No,0
CON_1075,South,Residential,12.46,23.11,225.0,39.63,0.6,652.4,1,No,0
CON_1160,East,Residential,116.4,23.64,238.2,2.99,0.83,87.23,18,No,0
CON_1243,East,Commercial,132.4,22.9,238.8,18.32,0.74,202.3,1,No,0
CON_1311,East,Residential,120.25,14.33,243.7,18.9,0.87,754.77,5,Yes,0
CON_1487,East,Residential,70.8,29.76,234.1,41.87,0.86,495.79,3,Yes,0
CON_1193,South,Residential,30.6,17.77,237.7,38.88,0.86,780.8,18,No,0
CON_1130,East,Industrial,38.35,21.77,226.2,15.08,0.89,404.98,12,Yes,0
CON_1385,North,Residential,55.84,18.8,221.6,10.25,0.91,567.5,26,Yes,0
CON_1236,North,Residential,74.69,29.78,216.6,47.56,0.8,363.92,10,No,0
CON_1449,South,Commercial,88.91,24.66,242.0,12.4,0.77,157.3,18,No,0
CON_1091,North,Residential,90.58,3.12,214.7,19.63,0.75,1061.84,3,No,0
CON_1173,West,Industrial,67.03,3.78,240.5,32.2,0.94,458.33,36,No,0
CON_1345,South,Residential,9.72,8.53,239.1,7.77,0.76,505.21,22,No,0
CON_1332,North,Residential,99.49,4.79,233.4,47.16,0.75,311.06,4,No,0
CON_1216,West,Commercial,43.51,17.18,212.9,42.21,0.7,959.19,30,Yes,1
CON_1396,Central,Commercial,97.28,3.07,213.8,49.07,0.75,223.58,10,No,0
CON_1312,South,Residential,105.58,2.69,235.4,0.57,0.69,1188.33,35,No,1
CON_1306,North,Residential,44.68,18.97,220.2,1.37,0.77,352.31,23,No,0
CON_1018,North,Commercial,130.93,10.17,234.3,8.42,0.73,921.94,31,No,0
CON_1219,North,Residential,143.57,2.74,227.7,44.65,0.7,280.2,10,No,1
CON_1413,West,Residential,98.32,29.07,214.6,38.7,0.86,701.61,2,No,0
CON_1288,East,Residential,14.77,6.07,219.1,26.78,0.72,995.69,26,No,0
CON_1330,East,Commercial,35.9,16.28,241.6,3.36,0.7,547.12,44,No,0
CON_1204,West,Residential,62.46,2.96,240.0,2.82,0.88,994.34,15,No,0
CON_1465,South,Residential,136.81,5.78,229.6,38.06,0.71,817.47,37,No,0
CON_1446,East,Residential,148.21,26.72,230.8,28.42,0.72,863.41,27,Yes,1
CON_1106,East,Industrial,41.2,18.63,212.3,42.42,0.86,1019.92,35,Yes,1
CON_1046,South,Residential,131.71,28.39,221.5,3.35,0.74,719.93,9,No,0
CON_1234,North,Residential,128.43,12.58,212.8,48.32,0.89,1106.47,39,Yes,1
CON_1268,Central,Residential,94.45,12.04,234.0,32.42,0.86,300.22,33,No,0
CON_1147,East,Commercial,8.08,19.36,212.9,3.77,0.7,684.82,29,No,0
CON_1244,East,Residential,120.63,4.7,226.1,47.86,0.95,594.97,15,No,1
CON_1131,Central,Residential,22.48,8.91,244.0,1.21,0.64,373.27,41,No,0
CON_1222,East,Commercial,100.01,6.08,244.4,19.18,0.89,314.61,0,No,0
CON_1255,East,Residential,132.73,9.86,222.2,42.59,0.62,622.49,32,No,0
CON_1176,East,Residential,36.65,18.61,244.5,18.21,0.66,895.14,28,No,0
CON_1013,South,Residential,68.24,28.16,235.3,48.22,0.86,688.09,2,No,0
CON_1072,Central,Residential,9.52,10.48,220.5,26.9,0.75,1009.02,44,No,0
CON_1016,West,Commercial,115.72,14.11,223.7,2.03,0.76,293.78,42,No,0
CON_1443,East,Residential,66.7,7.98,233.4,18.18,0.88,794.56,22,No,0
CON_1358,North,Residential,44.0,14.18,237.1,7.79,0.68,161.47,22,No,0
CON_1273,West,Industrial,83.3,9.84,239.3,14.73,0.67,351.64,11,No,0
CON_1435,West,Residential,103.63,10.81,222.9,2.72,0.9,160.0,21,No,0
CON_1239,Central,Residential,55.43,25.42,228.9,5.72,0.96,1091.95,11,No,0
CON_1431,North,Residential,149.47,22.69,234.0,14.8,0.68,473.84,12,No,0
CON_1017,Central,Commercial,25.32,28.08,224.4,19.71,0.72,36.97,16,No,0
CON_1266,West,Residential,5.93,4.37,233.7,37.06,0.9,49.47,40,No,0
CON_1348,South,Residential,120.5,16.52,213.3,19.71,0.81,1076.76,31,Yes,1
CON_1275,East,Residential,20.51,12.69,232.5,3.38,0.94,468.11,8,No,0
CON_1151,North,Residential,120.82,26.64,243.1,47.41,0.71,616.5,33,No,0
CON_1156,West,Commercial,74.58,25.36,232.8,4.3,0.63,117.08,21,Yes,1
CON_1182,North,Commercial,141.99,29.65,228.9,29.5,0.87,500.03,41,No,0
CON_1148,South,Residential,131.83,28.59,226.0,17.77,0.68,968.49,44,No,0
CON_1415,Central,Residential,111.08,23.31,223.8,1.1,0.6,991.79,4,No,0
CON_1453,Central,Residential,131.65,8.31,214.2,25.54,0.63,110.63,30,No,0
CON_1093,East,Residential,18.28,20.38,233.0,24.87,0.94,269.25,1,No,0
CON_1271,North,Residential,42.67,24.37,240.0,10.36,0.66,151.68,24,No,0
CON_1136,West,Residential,14.48,6.26,217.9,37.79,0.63,815.31,19,Yes,1
CON_1468,North,Residential,145.85,24.72,232.8,44.76,0.69,486.41,0,No,0
CON_1498,North,Residential,29.22,17.07,221.9,6.83,0.63,528.94,42,Yes,1
CON_1215,East,Residential,132.23,20.19,231.5,13.88,0.61,1017.24,11,No,0
CON_1144,West,Residential,38.78,24.37,212.4,4.34,0.76,117.63,17,No,0
CON_1300,Central,Residential,8.21,10.04,224.8,6.71,0.68,394.71,23,No,0
CON_1119,South,Residential,48.12,28.1,229.6,7.15,0.77,573.55,15,No,0
CON_1292,North,Residential,11.63,11.66,213.9,48.19,0.74,427.2,1,No,0
CON_1165,South,Residential,21.02,3.77,219.1,14.41,0.98,807.31,8,No,0
CON_1116,South,Industrial,137.75,8.06,210.8,34.54,0.63,103.82,36,No,0
CON_1175,South,Industrial,103.55,19.62,225.8,30.37,0.64,597.48,3,No,0
CON_1100,West,Residential,131.58,1.74,241.7,28.89,0.7,1196.74,39,No,1
CON_1024,North,Residential,43.96,1.14,230.6,6.25,0.91,684.81,4,No,0
CON_1299,North,Residential,8.57,13.54,213.9,48.81,0.8,820.63,38,No,0
CON_1202,North,Residential,149.26,3.01,237.8,0.51,0.7,278.08,31,No,1
CON_1214,East,Residential,18.27,29.83,225.4,18.33,0.89,677.01,25,No,0
CON_1088,West,Residential,120.92,7.89,236.8,14.65,0.67,119.79,41,No,0
CON_1270,East,Residential,96.61,26.17,216.1,35.8,0.66,875.03,25,Yes,1
CON_1012,Central,Commercial,85.05,16.4,225.7,25.52,0.69,944.81,5,Yes,1
CON_1198,Central,Residential,13.39,6.56,242.0,31.66,0.64,186.64,1,No,0
CON_1433,East,Residential,99.3,20.04,223.4,46.02,0.89,377.88,27,Yes,0
CON_1126,Central,Residential,51.27,24.29,219.0,0.94,0.86,1161.96,2,No,0
CON_1341,West,Residential,127.49,1.32,244.8,7.47,0.87,85.61,11,No,1
CON_1387,South,Industrial,16.39,16.03,216.9,49.74,0.68,1177.07,7,No,0
CON_1411,South,Industrial,123.51,1.61,234.6,8.55,0.6,744.48,28,No,1
CON_1283,West,Residential,140.9,26.0,242.8,1.46,0.81,687.62,38,No,0
CON_1154,East,Residential,116.24,18.72,226.2,26.37,0.84,342.9,28,No,0
CON_1441,Central,Industrial,110.44,18.78,222.4,47.57,0.66,501.14,25,No,0
CON_1014,West,Residential,47.7,2.14,241.0,19.52,0.89,389.08,41,No,0
CON_1490,North,Commercial,29.61,24.2,225.1,38.67,0.95,819.38,6,No,0
CON_1040,West,Residential,99.46,20.51,237.5,38.21,0.72,269.73,13,No,0
CON_1354,South,Commercial,34.08,28.83,228.1,23.76,0.87,237.87,33,No,0
CON_1417,South,Residential,13.75,12.08,224.4,18.17,0.9,583.27,43,No,0
CON_1203,North,Residential,30.21,16.05,221.1,25.8,0.77,235.75,15,Yes,0
CON_1169,West,Commercial,38.87,5.87,228.2,45.35,0.84,654.87,4,No,0
CON_1190,South,Residential,93.12,4.72,217.1,27.85,0.76,689.92,34,No,0
CON_1114,North,Residential,31.18,19.78,222.2,1.45,0.89,120.42,28,No,0
CON_1392,Central,Residential,121.09,2.21,210.2,22.13,0.98,58.28,31,No,1
CON_1452,Central,Residential,75.57,27.65,235.3,5.54,0.67,800.9,14,No,0
CON_1208,West,Residential,123.3,26.52,214.9,42.05,0.85,694.09,23,No,0
CON_1460,North,Residential,95.33,6.15,220.3,47.55,0.87,460.68,37,Yes,1
CON_1227,South,Residential,42.66,14.06,225.0,19.69,0.93,760.25,41,No,0
CON_1428,Central,Residential,85.53,29.42,219.0,24.3,0.84,469.57,44,No,0
CON_1225,North,Commercial,64.23,16.54,215.8,34.51,0.63,1047.39,6,No,0
CON_1089,East,Commercial,105.73,11.82,215.6,10.56,0.91,736.08,11,No,0
CON_1323,North,Commercial,97.59,2.81,226.4,15.49,0.95,1115.78,35,Yes,1
CON_1372,South,Commercial,74.67,23.82,243.3,27.56,0.93,797.22,12,No,0
CON_1102,West,Commercial,121.95,12.03,219.5,10.42,0.82,1078.89,12,No,0
CON_1005,South,Residential,54.56,24.36,222.9,11.29,0.69,1197.2,14,No,0
CON_1223,West,Residential,84.87,21.01,233.4,48.22,0.84,330.63,27,No,0
CON_1179,North,Industrial,17.96,12.34,212.3,44.49,0.94,1009.11,12,No,0
CON_1269,West,Commercial,147.27,26.46,212.4,20.06,0.7,78.54,31,No,0
CON_1399,South,Residential,140.75,22.39,230.0,45.44,0.99,1127.21,15,No,0
CON_1000,West,Residential,31.31,2.06,236.6,20.78,0.6,1198.69,22,No,0
CON_1104,North,Industrial,105.38,17.82,225.7,42.77,0.95,1168.59,16,No,0
CON_1042,West,Commercial,34.93,26.18,237.6,22.3,0.9,1177.72,17,No,0
CON_1081,North,Commercial,15.89,1.17,226.9,7.87,0.92,1107.14,17,No,0
CON_1286,West,Commercial,48.64,18.58,237.6,24.9,0.92,98.07,35,Yes,1
CON_1031,West,Residential,81.23,20.34,231.1,14.78,0.81,541.91,19,No,0
CON_1485,East,Residential,23.98,8.15,231.0,20.77,0.82,769.79,12,No,0
CON_1002,East,Residential,66.11,20.25,236.1,34.02,0.8,902.86,31,Yes,1
CON_1482,South,Commercial,100.23,5.64,221.2,3.92,0.61,1065.69,36,No,0
CON_1150,North,Residential,141.16,24.76,215.8,40.51,0.7,705.22,22,No,0
CON_1388,North,Residential,62.55,5.35,231.4,35.73,0.63,273.34,0,No,0
CON_1168,North,Residential,47.96,18.01,236.5,20.55,0.88,390.37,17,Yes,0
CON_1364,West,Commercial,61.91,22.38,230.7,26.72,0.78,723.38,30,Yes,0
CON_1033,North,Commercial,44.48,1.87,238.2,19.78,0.67,479.29,10,No,0
CON_1066,South,Residential,87.13,26.25,221.7,24.04,0.97,1008.09,34,No,0
CON_1492,West,Commercial,53.87,17.1,241.2,8.0,0.95,883.17,27,No,0
CON_1034,East,Residential,7.67,9.93,219.4,19.58,0.9,290.07,12,Yes,0
CON_1153,North,Residential,55.85,7.15,233.4,47.78,0.98,756.32,42,Yes,1
CON_1466,South,Commercial,31.05,4.82,222.0,14.48,0.67,796.63,41,No,0
CON_1207,East,Commercial,27.31,16.66,244.4,3.6,0.84,1164.51,42,No,0
CON_1118,North,Residential,106.13,2.75,243.7,34.78,0.71,290.65,22,Yes,1
CON_1422,South,Residential,146.5,19.67,238.8,16.42,0.9,266.69,8,Yes,0
CON_1086,North,Industrial,40.73,12.27,225.3,29.64,0.88,57.46,43,No,0
CON_1395,Central,Residential,20.16,3.09,211.3,31.31,0.63,141.85,23,Yes,1
CON_1350,South,Commercial,22.01,1.35,233.4,13.37,0.84,390.38,43,No,0
CON_1347,North,Commercial,94.41,4.98,214.0,31.98,0.85,1063.81,6,No,0
CON_1129,Central,Industrial,91.46,18.7,229.8,41.51,0.76,961.99,18,Yes,0
CON_1316,East,Residential,99.9,29.53,240.5,42.43,0.88,542.5,13,Yes,0
CON_1068,West,Residential,101.23,17.44,210.8,11.77,0.75,42.59,10,No,0
CON_1442,East,Residential,112.69,28.35,243.0,29.07,0.78,210.24,25,No,0
CON_1403,Central,Commercial,131.29,23.46,223.9,48.88,0.74,1164.27,0,Yes,1
CON_1391,Central,Commercial,104.97,20.73,228.1,13.35,0.81,891.86,22,No,0
CON_1054,East,Residential,80.24,21.0,232.5,22.48,0.88,610.42,44,No,0
CON_1108,East,Commercial,37.08,24.58,211.2,3.59,0.81,415.63,7,Yes,0
CON_1035,Central,Commercial,137.57,21.44,238.9,17.35,0.83,724.29,41,No,0
CON_1357,Central,Commercial,89.39,16.89,225.2,3.58,0.95,1000.52,26,No,0
CON_1281,Central,Commercial,140.14,24.85,220.6,19.27,0.7,299.58,33,No,0
CON_1026,East,Residential,96.85,19.53,232.5,16.04,0.89,1040.03,21,No,0
CON_1043,South,Industrial,6.59,6.14,228.1,15.47,0.64,786.42,40,Yes,1
CON_1382,North,Residential,52.34,20.12,214.9,42.76,0.78,965.16,1,No,0
CON_1386,South,Residential,9.81,2.93,226.9,47.6,0.95,160.08,24,No,0
CON_1278,East,Commercial,144.63,11.04,220.7,13.75,0.64,905.91,8,No,0
CON_1096,Central,Industrial,142.78,12.01,212.0,49.05,0.71,252.05,26,Yes,1
CON_1044,South,Industrial,24.85,21.09,225.4,13.34,0.8,969.21,8,No,0
CON_1210,East,Commercial,37.45,16.46,216.4,12.72,0.88,461.97,10,No,0
CON_1407,West,Residential,123.15,3.85,222.1,36.06,0.78,82.26,28,No,1
CON_1057,South,Residential,112.01,20.11,237.5,20.39,0.91,785.39,13,No,0
CON_1238,Central,Residential,124.58,16.66,238.7,15.25,0.74,301.01,2,Yes,1
CON_1128,Central,Commercial,10.37,10.03,216.9,34.0,0.68,348.47,35,No,0
CON_1339,West,Residential,117.61,22.27,211.2,11.66,0.77,984.54,13,No,0
CON_1360,West,Residential,50.0,3.84,241.2,31.73,0.76,647.12,13,No,0
CON_1287,Central,Residential,107.68,23.18,233.3,20.51,0.91,42.6,23,No,0
CON_1149,West,Commercial,81.7,18.45,227.0,5.99,0.79,181.84,18,No,0
CON_1325,North,Commercial,44.76,29.9,230.9,11.8,0.74,128.99,17,No,0
CON_1139,Central,Commercial,119.65,4.1,229.6,38.42,0.98,974.65,35,No,1
CON_1080,Central,Residential,20.46,16.79,226.0,47.23,0.87,346.87,15,No,0
CON_1124,North,Residential,130.0,9.26,235.6,10.93,0.97,1168.23,36,No,0
CON_1009,Central,Industrial,43.87,4.25,240.7,7.46,0.6,173.5,36,No,0
CON_1001,Central,Commercial,89.54,22.36,211.2,15.91,0.76,405.43,5,No,0
CON_1146,West,Residential,131.16,2.26,229.0,20.65,0.76,376.86,35,No,1
CON_1095,East,Residential,24.84,14.44,212.4,43.35,0.72,1065.59,26,No,0
CON_1467,East,Industrial,39.44,22.05,235.5,17.98,0.87,102.73,27,No,0
CON_1426,North,Commercial,100.51,24.16,232.3,21.72,0.65,1012.27,37,Yes,1
CON_1077,West,Residential,91.54,13.63,239.5,39.81,0.98,494.23,41,No,0
CON_1205,East,Residential,114.94,24.21,241.7,14.17,0.6,357.13,38,No,0
CON_1301,Central,Residential,51.92,15.68,211.5,1.34,0.93,1020.77,20,No,0
CON_1161,North,Residential,65.58,8.97,226.1,4.11,0.84,513.96,37,No,0
CON_1334,West,Residential,130.33,14.04,241.2,49.57,0.69,801.06,20,No,0
CON_1107,West,Commercial,75.97,23.18,227.1,44.71,0.62,93.63,20,No,0
CON_1326,East,Residential,147.68,24.61,220.4,12.71,0.64,212.09,37,No,0
CON_1180,North,Residential,65.55,18.24,226.2,25.4,0.68,446.46,41,No,0
CON_1022,West,Residential,66.66,29.61,237.8,14.82,0.74,1007.8,40,No,0
CON_1186,Central,Residential,148.72,13.42,238.8,12.48,0.83,168.68,18,No,0
CON_1376,West,Commercial,25.66,8.39,232.2,22.55,0.73,795.3,8,Yes,1
CON_1423,South,Industrial,53.85,16.38,243.4,42.48,0.89,119.93,38,No,0
CON_1497,North,Residential,107.48,23.73,232.3,2.36,0.82,1016.71,27,No,0
CON_1191,Central,Residential,79.34,4.02,228.3,26.25,0.93,703.59,20,No,0
CON_1073,South,Industrial,43.03,20.36,242.9,43.56,0.61,967.32,6,Yes,1
CON_1099,North,Residential,83.58,14.9,218.6,38.34,0.91,967.12,6,No,0
CON_1451,West,Commercial,110.16,25.55,240.6,45.95,0.8,1127.41,11,No,0
CON_1335,South,Commercial,73.62,6.64,216.5,27.45,0.97,906.39,39,No,0
CON_1025,East,Commercial,83.54,28.6,226.8,47.82,0.98,757.04,31,Yes,1
CON_1167,East,Residential,46.65,14.1,221.6,46.5,0.86,1037.4,3,No,0
CON_1053,Central,Residential,60.56,28.0,242.7,7.39,0.87,217.48,33,No,0
CON_1060,South,Commercial,40.58,4.09,239.4,31.36,0.73,770.41,40,No,0
CON_1378,South,Commercial,94.63,2.11,218.9,2.97,0.78,491.43,5,No,0
CON_1015,South,Residential,142.53,4.54,230.8,2.43,0.93,792.12,10,No,1
CON_1276,Central,Industrial,115.35,6.03,234.3,6.02,0.92,965.71,11,No,0
CON_1218,North,Residential,133.87,14.49,238.1,39.55,0.71,813.86,32,No,0
CON_1454,West,Residential,135.6,22.9,241.6,11.43,0.87,438.51,13,No,0
CON_1458,South,Commercial,137.29,23.52,210.4,43.41,0.91,981.31,26,No,0
CON_1320,South,Residential,67.69,9.79,213.4,39.13,0.63,1123.87,31,No,0
CON_1457,East,Residential,90.89,22.13,215.0,9.17,0.86,1003.7,41,No,0
CON_1340,North,Commercial,116.78,23.31,230.4,10.19,0.81,913.32,5,No,0
CON_1307,West,Commercial,149.58,19.86,241.9,15.02,0.84,1156.77,13,No,0
CON_1384,Central,Residential,17.74,19.46,244.0,48.05,0.75,700.69,4,No,0
CON_1380,South,Residential,86.15,14.38,226.5,49.07,0.93,32.76,30,No,0
CON_1113,East,Residential,139.16,1.22,224.4,46.36,0.73,1126.8,27,No,1
CON_1290,East,Residential,55.15,12.56,233.5,0.99,0.97,934.79,30,No,0
CON_1056,West,Residential,29.11,7.25,232.3,24.7,0.71,842.62,9,No,0
CON_1402,North,Residential,107.81,11.14,242.6,26.31,0.69,326.41,2,No,0
CON_1374,North,Residential,40.1,20.96,236.0,2.67,0.93,988.76,34,No,0
CON_1055,North,Residential,11.81,20.62,224.7,31.5,0.94,835.24,24,No,0
CON_1277,East,Commercial,83.48,21.15,227.9,26.04,0.87,482.67,25,No,0
CON_1109,East,Residential,148.21,21.83,212.2,44.23,0.71,99.08,4,No,0
CON_1206,Central,Residential,105.92,7.78,219.7,35.5,0.83,1114.01,30,No,0
CON_1397,East,Industrial,107.44,1.35,221.9,9.91,0.91,690.21,28,No,1
CON_1293,West,Commercial,131.37,2.98,225.6,26.19,0.8,55.52,28,Yes,1
CON_1272,North,Residential,96.93,23.91,218.0,44.57,0.63,737.82,1,No,0
CON_1121,West,Commercial,145.8,3.94,211.8,18.26,0.73,139.15,9,No,1
CON_1246,West,Commercial,128.33,23.68,227.3,21.92,0.91,724.35,29,No,0
CON_1401,Central,Commercial,83.49,9.6,220.3,48.03,0.73,1180.61,19,No,0
CON_1111,East,Commercial,10.72,1.53,214.9,25.77,0.74,984.03,15,No,0
CON_1157,Central,Commercial,95.99,27.1,229.1,25.28,0.97,562.31,35,No,0
CON_1030,East,Commercial,147.74,15.18,229.6,49.21,0.63,912.94,0,Yes,1
CON_1097,South,Industrial,69.67,26.04,219.9,20.68,0.94,890.16,14,No,0
CON_1041,North,Residential,125.31,13.87,234.8,41.77,0.88,1194.84,32,No,0
CON_1424,East,Residential,31.41,2.22,238.7,36.58,0.91,570.7,3,No,0
CON_1412,Central,Commercial,70.59,3.38,244.7,28.47,0.68,318.37,32,No,0
CON_1125,West,Residential,127.46,9.91,244.3,47.89,0.85,915.97,28,No,0
CON_1211,West,Residential,82.86,10.41,241.3,37.17,0.64,961.32,20,No,0
CON_1021,Central,Residential,120.98,5.3,222.4,23.2,0.67,65.95,16,No,0
CON_1488,West,Commercial,39.23,3.88,223.1,16.94,0.73,907.83,10,No,0
CON_1061,West,Residential,61.45,20.08,223.4,28.68,0.98,727.18,24,No,0
CON_1098,South,Commercial,31.84,16.05,219.2,41.46,0.86,358.09,7,No,0
CON_1315,South,Industrial,103.67,21.16,219.9,48.72,0.6,113.15,21,Yes,1
CON_1438,West,Residential,42.36,11.79,236.3,19.93,0.95,647.26,7,No,0
CON_1184,South,Residential,93.94,21.16,213.7,4.05,0.76,555.71,6,No,0
CON_1318,South,Industrial,142.88,5.13,234.6,44.98,0.8,425.2,35,Yes,1
CON_1082,Central,Residential,110.59,10.41,214.7,23.4,0.81,708.17,34,No,0
CON_1463,South,Residential,24.08,28.18,211.5,29.21,0.85,438.78,18,No,0
CON_1383,West,Industrial,80.07,26.96,219.7,12.48,0.63,143.26,44,Yes,1
CON_1023,North,Residential,8.26,28.99,213.3,45.05,0.95,751.04,18,No,0
CON_1368,West,Residential,105.77,14.32,213.6,4.27,0.7,665.1,18,No,0
CON_1240,East,Residential,103.31,16.11,234.9,39.2,0.83,572.32,2,No,0
CON_1489,South,Commercial,15.66,12.64,215.8,34.83,0.95,646.93,31,No,0
CON_1064,South,Residential,109.26,29.34,216.5,20.06,0.88,557.1,33,No,0
CON_1327,Central,Residential,64.35,18.84,220.5,24.46,0.69,722.35,2,No,0
CON_1421,West,Residential,36.79,23.46,220.8,11.49,0.83,407.25,19,No,0
CON_1410,South,Residential,84.4,8.69,227.3,33.5,0.88,287.3,7,No,0
CON_1019,West,Commercial,75.68,15.71,210.1,1.66,0.88,756.02,3,No,0
CON_1127,West,Commercial,125.19,16.64,232.9,49.89,0.85,538.89,14,No,0
CON_1197,North,Residential,55.77,26.93,223.9,7.12,0.77,800.77,9,No,0
CON_1178,Central,Residential,119.02,7.73,211.0,6.58,0.89,590.15,33,No,0
CON_1183,South,Residential,72.77,4.96,227.4,31.43,0.87,407.32,30,No,0
CON_1434,West,Industrial,33.93,4.71,226.0,49.67,0.95,1120.41,44,No,0
CON_1297,East,Residential,23.86,16.94,223.3,38.76,0.75,333.29,27,No,0
CON_1331,South,Residential,9.51,13.36,239.8,47.91,0.62,611.79,15,No,0
CON_1430,South,Residential,38.13,17.89,231.1,6.37,0.67,991.88,12,No,0
CON_1250,North,Residential,106.13,8.63,234.9,18.81,0.88,996.51,24,No,0
CON_1008,East,Residential,90.59,6.97,220.7,34.57,0.69,505.21,8,No,0
CON_1333,Central,Commercial,58.44,26.71,230.8,39.37,0.69,575.73,3,No,0
CON_1404,West,Industrial,108.54,20.18,213.0,37.99,0.75,528.86,0,No,0
CON_1284,North,Residential,104.74,27.76,240.5,6.66,0.74,1116.39,1,No,0
CON_1362,West,Residential,6.68,5.35,231.2,7.15,0.91,601.53,42,No,0
CON_1369,Central,Commercial,129.72,23.77,223.5,14.1,0.6,1084.85,22,No,0
CON_1051,West,Industrial,137.59,17.55,235.7,17.69,0.78,460.28,24,No,0
CON_1304,East,Residential,104.08,19.58,219.8,6.45,0.93,892.1,36,No,0
CON_1067,South,Industrial,74.03,23.69,210.9,27.38,0.79,220.28,10,No,0
CON_1192,West,Commercial,38.45,22.01,220.0,7.57,0.67,597.76,30,No,0
CON_1469,West,Residential,31.24,7.19,239.6,47.35,0.83,234.5,34,Yes,1
CON_1069,West,Industrial,140.84,22.42,239.1,48.22,0.66,939.34,20,No,0
CON_1295,Central,Residential,145.49,4.92,240.3,15.94,0.94,808.08,11,No,1
CON_1262,Central,Residential,28.31,29.77,226.5,30.58,0.62,670.37,21,Yes,1
CON_1105,Central,Commercial,128.13,16.47,237.2,22.24,0.6,568.71,16,No,0
CON_1491,Central,Residential,80.37,6.92,215.0,32.91,0.73,525.58,10,No,0
CON_1247,North,Residential,130.76,21.55,239.0,23.16,0.78,1199.48,19,No,0
CON_1070,North,Residential,111.22,26.48,219.6,45.52,0.91,739.44,20,No,0
CON_1322,South,Residential,65.86,21.07,210.4,20.2,0.66,459.56,44,No,0
CON_1195,East,Residential,32.03,3.3,232.2,25.09,0.64,672.14,31,No,0
CON_1313,North,Industrial,37.01,29.85,220.7,15.34,0.65,388.02,44,No,0
CON_1353,West,Commercial,67.39,24.24,230.0,14.88,0.66,244.92,43,No,0
CON_1249,East,Residential,126.37,9.79,216.1,18.75,0.7,489.48,27,Yes,1
CON_1285,Central,Residential,14.84,15.12,236.8,20.98,0.74,477.04,0,No,0
CON_1181,East,Residential,132.47,15.41,241.8,22.74,0.83,1034.56,8,Yes,0
CON_1406,North,Residential,54.22,6.05,214.0,24.11,0.74,79.41,1,No,0
CON_1145,West,Commercial,8.54,16.96,234.8,20.67,0.74,591.75,4,No,0
CON_1078,West,Commercial,53.47,24.72,216.5,14.15,0.77,201.36,17,Yes,0
CON_1464,South,Residential,108.79,2.25,214.3,26.08,0.73,507.54,5,No,1
CON_1425,South,Residential,119.51,29.09,210.1,5.22,0.8,588.92,18,No,0
CON_1188,North,Residential,141.7,21.08,237.1,41.22,0.78,1142.7,29,No,0
CON_1294,West,Residential,146.16,1.75,226.1,34.04,0.97,1154.56,14,No,1
CON_1170,North,Residential,11.1,22.37,217.2,16.41,0.72,1011.33,19,Yes,1
CON_1228,East,Commercial,109.9,22.93,215.7,31.82,0.91,905.31,23,No,0
CON_1112,Central,Residential,107.31,6.68,228.6,31.52,0.84,1026.01,35,No,0
